{"type":"Topology","transform":{"scale":[0.004676306933177093,0.002400780568477014],"translate":[-141.00554863899987,25.843901673000047]},"arcs":[[[2349,12523],[-27,-60],[7,-94],[30,-105],[-89,-169],[-50,-46],[1,-26]],[[3843,9642],[60,0]],[[3784,9642],[47,0]],[[9804,9799],[12,-6]],[[3925,9642],[282,0],[141,0],[282,0],[235,0],[235,0],[329,0],[235,0],[188,0],[282,0],[376,0],[282,0],[188,0],[376,0],[235,0],[235,0],[329,0],[188,0],[282,0],[188,0],[376,0],[376,0],[235,0],[4,157]],[[9842,9794],[33,-27],[3,-52],[22,-105],[0,-45],[49,-44]],[[9816,9793],[26,1]],[[3903,9642],[22,0]],[[9985,9526],[17,-26],[77,-6],[25,-50]],[[9949,9521],[36,5]],[[10211,9491],[59,-5],[71,-34],[-2,-41]],[[10137,9448],[32,30],[42,13]],[[10134,9450],[3,-2]],[[10104,9444],[30,6]],[[10358,9415],[42,-94]],[[10339,9411],[19,4]],[[10446,9375],[24,-7],[19,-44],[41,-17],[31,-41]],[[10400,9321],[15,37],[31,17]],[[11254,9356],[207,-156],[165,-128],[242,-192],[134,-110],[23,-111],[56,-75]],[[11043,9220],[154,116],[57,20]],[[10720,9326],[27,-62]],[[10602,9244],[32,12],[86,70]],[[10869,9277],[23,-6],[36,-48]],[[10807,9266],[62,11]],[[10782,9272],[9,-8]],[[10747,9264],[35,8]],[[10802,9269],[5,-3]],[[10791,9264],[11,5]],[[10566,9266],[4,-17]],[[10561,9266],[5,0]],[[10589,9251],[13,-7]],[[10570,9249],[19,2]],[[10958,9236],[11,-6]],[[10928,9223],[30,13]],[[10976,9232],[67,-12]],[[10969,9230],[7,2]],[[15350,9004],[33,-12],[6,-76],[29,-25]],[[15035,8141],[2,77],[60,66],[-2,26],[33,54],[-10,62],[6,58],[20,61],[24,25],[14,119],[159,306],[9,9]],[[15548,8965],[22,-11],[50,-59],[33,-68],[4,-336],[9,-230]],[[15519,8933],[29,32]],[[15507,8940],[12,-7]],[[15469,8914],[38,26]],[[15458,8914],[11,0]],[[15418,8891],[40,23]],[[12148,8623],[20,-83],[4,-61],[30,-58]],[[12125,8605],[23,18]],[[12115,8613],[10,-8]],[[12081,8584],[34,29]],[[12225,8445],[15,-5]],[[12202,8421],[23,24]],[[12262,8445],[43,-52],[-28,-74],[215,-185],[12,-33],[52,-438],[30,-262],[-1,-26],[-55,-208],[-21,-168],[-62,-95],[-51,-36],[-19,-39],[-6,-99],[19,-64],[85,-74]],[[12240,8440],[22,5]],[[15670,8267],[47,-34]],[[15666,8261],[4,6]],[[15724,8234],[-4,-49],[14,-45],[-10,-43],[33,-54]],[[15717,8233],[7,1]],[[15014,8158],[21,-17]],[[14993,8077],[21,81]],[[14972,8124],[21,-47]],[[14936,8081],[36,43]],[[14904,8102],[32,-21]],[[14180,7978],[277,3],[235,2],[170,2],[24,95],[18,22]],[[15771,8065],[17,-11]],[[15757,8043],[14,22]],[[14143,7983],[27,-4]],[[13721,7407],[10,8],[73,183],[53,55],[30,55],[42,25],[36,72],[92,117],[86,61]],[[14176,7979],[4,-1]],[[14170,7979],[6,0]],[[13326,7409],[247,-1],[148,-1]],[[12475,6592],[52,3],[246,221],[220,66],[262,182],[23,60],[-25,28],[-5,102],[-26,86],[104,69]],[[6415,2284],[-13,3],[-269,164],[-175,105],[-175,106],[-184,111],[21,88]],[[5620,2861],[-229,-34],[-284,-41]],[[7029,2472],[-17,0]],[[7012,2472],[0,-188],[-219,0],[-155,0],[-223,0]],[[7040,2471],[-6,1]],[[7034,2472],[-5,0]],[[7084,2471],[-39,0]],[[7045,2471],[-5,0]],[[7128,2471],[-38,0]],[[7090,2471],[-6,0]],[[7189,2471],[-55,0]],[[7134,2471],[-6,0]],[[7228,2471],[-33,0]],[[7195,2471],[-6,0]],[[7244,2471],[-11,0]],[[7233,2471],[-5,0]],[[7289,2470],[-39,1]],[[7250,2471],[-6,0]],[[7333,2470],[-39,0]],[[7294,2470],[-5,0]],[[7385,2462],[-46,8]],[[7339,2470],[-6,0]],[[7646,2064],[-24,21],[-41,64],[-8,28],[-38,46],[-50,90],[-34,21],[-57,130]],[[7394,2464],[-9,-2]],[[7665,2049],[-14,20]],[[7651,2069],[-5,-5]],[[7670,2044],[-4,6]],[[7666,2050],[-1,-1]],[[7841,1533],[-41,60],[-9,50],[-23,64],[0,105],[-37,102],[-7,47],[-53,86]],[[7671,2047],[-1,-3]],[[8282,1677],[-10,10]],[[8272,1687],[-18,-49]],[[8318,1649],[-32,29]],[[8286,1678],[-4,-1]],[[8443,1634],[-5,22]],[[8438,1656],[-18,-18]],[[8356,1647],[-9,8]],[[8347,1655],[-3,-5]],[[8372,1650],[-7,3]],[[8365,1653],[-9,-6]],[[8420,1638],[-39,15]],[[8381,1653],[-9,-3]],[[8344,1650],[-6,2]],[[8338,1652],[-20,-3]],[[8462,1635],[-8,9]],[[8454,1644],[-11,-10]],[[8254,1638],[-23,3]],[[8231,1641],[-8,-11]],[[8483,1587],[-15,52]],[[8468,1639],[-6,-4]],[[8223,1630],[-3,6]],[[8220,1636],[-15,-12]],[[8205,1624],[-8,1]],[[8197,1625],[-23,-64],[-15,-96]],[[8491,1562],[-2,25]],[[8489,1587],[-6,0]],[[8833,756],[-35,61],[-3,40],[-26,50],[-16,55],[-26,22],[-19,38],[-24,123],[-21,48],[-5,40],[-23,50],[-9,80],[-32,64],[-43,50],[-4,29],[-27,17],[-15,51]],[[8505,1574],[-14,-12]],[[8002,1379],[-19,8],[-26,43],[-56,26],[-50,81]],[[7851,1537],[-10,-4]],[[8159,1465],[-2,0]],[[8157,1465],[-19,-75]],[[8138,1390],[-4,5]],[[8134,1395],[-26,-56]],[[8048,1324],[-40,56]],[[8008,1380],[-6,-1]],[[8108,1339],[-1,1]],[[8107,1340],[-11,-32]],[[8057,1324],[-3,8]],[[8054,1332],[-6,-8]],[[8063,1316],[-2,12]],[[8061,1328],[-4,-4]],[[8096,1308],[-20,8]],[[8076,1316],[-13,0]],[[8845,745],[-5,11]],[[8840,756],[-7,0]],[[8968,234],[-21,56],[-17,120],[-46,95],[6,63],[-14,55],[6,36],[-8,62],[-20,30]],[[8854,751],[-9,-6]],[[8980,229],[-8,6]],[[8972,235],[-4,-1]],[[8994,223],[-9,9]],[[8985,232],[-5,-3]],[[9006,218],[-8,10]],[[8998,228],[-4,-5]],[[9038,191],[-15,29]],[[9023,220],[-3,-2]],[[9020,218],[-2,2]],[[9018,220],[-3,-3]],[[9015,217],[-5,3]],[[9010,220],[-4,-2]],[[9059,166],[-18,26]],[[9041,192],[-3,-1]],[[9095,152],[-23,22]],[[9072,174],[-13,-8]],[[9164,92],[-32,19],[-33,48]],[[9099,159],[-4,-7]],[[9182,83],[-8,13]],[[9174,96],[-10,-4]],[[9209,89],[-12,3]],[[9197,92],[-15,-9]],[[9324,3],[-59,76],[-26,13]],[[9239,92],[-30,-3]],[[9381,51],[-15,-2]],[[9366,49],[-10,1]],[[9356,50],[-12,-17]],[[9344,33],[-4,4]],[[9340,37],[-8,-37]],[[9332,0],[-7,9]],[[9325,9],[-1,-6]],[[0,18247],[0,-304],[0,-485],[0,-365],[0,-546],[1,-425],[0,-486],[0,-304],[0,-546],[0,-425],[100,-43]],[[407,14371],[-17,-113],[38,-40],[67,-38],[20,-55],[211,-215],[34,-141]],[[212,14305],[83,61],[112,5]],[[119,14350],[93,-45]],[[101,14318],[18,32]],[[1181,14141],[48,-40],[52,-64],[-17,-52],[35,-62],[48,-12],[66,-79],[0,-32],[38,-55],[75,-44],[52,-79],[35,-35],[19,-72],[45,-60],[19,-58],[34,-53],[78,-159],[68,-126],[-23,-48],[66,-22],[-16,-70],[50,-28],[9,-79],[30,-7]],[[992,13998],[23,71],[72,19],[94,53]],[[970,14003],[22,-5]],[[927,13873],[44,57],[-1,73]],[[902,13876],[25,-3]],[[760,13769],[36,36],[106,71]],[[2014,12809],[104,-78],[56,-15],[41,-46],[33,-12],[19,-46],[41,-14]],[[1992,12805],[22,4]],[[2329,12605],[20,-82]],[[2308,12598],[21,7]],[[3831,9642],[12,0]]],"objects":{"borders":{"type":"GeometryCollection","geometries":[{"type":"LineString","arcs":[0],"properties":{"FID_ne_10m":338,"scalerank":1,"featurecla":"International boundary (verify)","note_":"","name":"","comment":"","adm0_usa":1,"adm0_left":"Canada","adm0_right":"United States of America","adm0_a3_l":"CAN","adm0_a3_r":"USA","sov_a3_l":"CAN","sov_a3_r":"US1","type":"Water Indicator","labelrank":2}},{"type":"MultiLineString","arcs":[[1],[2]],"properties":{"FID_ne_10m":363,"scalerank":1,"featurecla":"International boundary (verify)","note_":"","name":"","comment":"","adm0_usa":1,"adm0_left":"Canada","adm0_right":"United States of America","adm0_a3_l":"CAN","adm0_a3_r":"USA","sov_a3_l":"CAN","sov_a3_r":"US1","type":"Water Indicator","labelrank":2}},{"type":"MultiLineString","arcs":[[3],[4],[5],[6],[7],[8],[9],[10],[11],[12],[13],[14],[15],[16],[17],[18],[19],[20],[21],[22],[23],[24],[25],[26],[27],[28],[29],[30],[31],[32],[33],[34],[35],[36],[37],[38],[39],[40],[41],[42],[43],[44],[45],[46],[47],[48],[49],[50],[51],[52],[53],[54],[55],[56],[57],[58],[59],[60],[61],[62],[63],[64],[65],[66],[67],[68],[69]],"properties":{"FID_ne_10m":240,"scalerank":1,"featurecla":"International boundary (verify)","note_":"","name":"","comment":"","adm0_usa":1,"adm0_left":"Canada","adm0_right":"United States of America","adm0_a3_l":"CAN","adm0_a3_r":"USA","sov_a3_l":"CAN","sov_a3_r":"US1","type":"Land","labelrank":2}},{"type":"MultiLineString",